xlo,xhi,ylo,yhi,zlo,zhi,npebbles,nspheres
-0.0035009316,0.0035007616,-0.0035009916,0.0035005416,-1.2928000000000023e-06,0.0034673016,100,500
