xlo,xhi,ylo,yhi,zlo,zhi,npebbles,nspheres
-0.0035001316,0.0035001916,-0.0035001515999999997,0.0035001316,-2.5319999999999954e-07,0.0037309616,100,500
