xlo,xhi,ylo,yhi,zlo,zhi,npebbles,nspheres
-0.0035008716,0.0034996816,-0.0034348516,0.0035006516,-2.3270000000000202e-07,0.019589271600000003,100,500
