timestep,top_displacement_mm,pebble_i,pebble_j,contact_count,overlap_sum_um,max_overlap_um,hertz_proxy_sum_m32
70000,0.1724975,459,500,2,4.211376404021902,3.936342740870635,7.954027743345039e-09
80000,0.1974975,459,500,3,8.881048235329398,5.18882957580885,1.7092588224377318e-08
80000,0.1974975,485,500,1,3.1701550651202344,3.1701550651202344,5.6444386727409544e-09
80000,0.1974975,491,500,1,1.993661294552571,1.993661294552571,2.8149913596789806e-09
80000,0.1974975,385,459,1,0.37970649264298373,0.37970649264298373,2.3397638939590493e-10
