timestep,top_displacement_mm,pebble_id,contact_count,overlap_sum_um,max_overlap_um,hertz_proxy_sum_m32
30000,0.0724975,500,1,0.30910000000002047,0.30910000000002047,1.7184959287413475e-10
40000,0.0974975,500,3,9.977300000000092,4.94910000000022,2.1844914254791488e-08
70000,0.1724975,500,6,12.924600000002034,4.0391000000004205,2.167684423881482e-08
80000,0.1974975,500,10,20.26100000000232,5.9191000000005305,3.984400431598065e-08
80000,0.1974975,499,3,9.817300000001042,5.0691000000003745,1.8763197492290586e-08
