timestep,top_displacement_mm,inter_pebble_edges,inter_subparticle_contacts,inter_hertz_proxy_sum_m32,topwall_pebbles,topwall_subparticle_contacts,topwall_hertz_proxy_sum_m32,top_edge_pebbles,topwall_pebble_ids
30000,0.0724975,0,0,0,2,3,1.3054424781685892e-08,,500;499
40000,0.0974975,0,0,0,3,9,3.006333445177662e-08,,499;498;500
70000,0.1724975,5,7,2.7422733394367788e-08,3,23,7.908526571828103e-08,436-500;429-498;480-498;478-499;455-499,498;500;499
80000,0.1974975,6,11,4.800475712333337e-08,4,29,1.1138014168934369e-07,429-498;436-500;464-498;478-499;480-498;455-499,498;500;499;497
