xlo,xhi,ylo,yhi,zlo,zhi,npebbles,nspheres
-0.0061505,0.0061505299999999995,-0.00615052,0.0061505,-5.066300000000003e-05,0.00896137,1000,500
