xlo,xhi,ylo,yhi,zlo,zhi,npebbles,nspheres
-0.00615052,0.0061505299999999995,-0.0061505399999999995,0.006150659999999999,-5.0710000000000014e-05,0.00876684,1000,500
