event_index,timestep,pebble_id,new_broken_bonds,cumulative_broken_bonds,top_displacement_m,top_displacement_mm,top_force_z_N,bottom_force_z_N
1,30000,1000,1,1,7.24975e-05,0.0724975,3.7855709,0
2,31000,1000,22,23,7.49975e-05,0.0749975,4.7490478,0
3,34000,1000,4,27,8.24975e-05,0.0824975,5.4180231,0
4,35000,1000,15,42,8.49975e-05,0.08499749999999999,0.025000001,0
5,41000,1000,16,58,9.99975e-05,0.0999975,2.3236562,0
6,42000,1000,7,65,0.0001024975,0.1024975,3.407521,0
7,46000,1000,1,66,0.0001124975,0.1124975,9.1111332,0
8,47000,1000,27,93,0.0001149975,0.1149975,1.5436194,0
9,49000,1000,2,95,0.0001199975,0.1199975,7.9257925,0
