event_index,timestep,pebble_id,new_broken_bonds,cumulative_broken_bonds,top_displacement_m,top_displacement_mm,top_force_z_N,bottom_force_z_N
1,54000,961,1,1,0.0001324975,0.13249750000000002,12.932749,0
2,55000,1000,9,9,0.0001349975,0.1349975,12.282909,0
3,56000,1000,1,10,0.0001374975,0.1374975,12.976522,0
4,57000,961,11,12,0.0001399975,0.1399975,13.274471,0
5,57000,980,4,4,0.0001399975,0.1399975,13.274471,0
6,58000,980,8,12,0.0001424975,0.1424975,13.352004,0
7,59000,980,9,21,0.0001449975,0.1449975,13.399497,0
8,60000,980,1,22,0.0001474975,0.1474975,13.369609,0
9,61000,980,1,23,0.0001499975,0.1499975,13.346761,0
