height_bin,zmin,zmax,event_count,total_new_broken_bonds,first_event_timestep,first_event_top_displacement_mm,first_event_pebble_id,first_event_new_broken_bonds
8,0.00049962,0.00457988,6,210,30000,0.0724975,500,42
7,0.00049962,0.00457988,3,36,70000,0.1724975,459,23
6,0.00049962,0.00457988,0,0,,,,
5,0.00049962,0.00457988,0,0,,,,
4,0.00049962,0.00457988,0,0,,,,
3,0.00049962,0.00457988,0,0,,,,
2,0.00049962,0.00457988,0,0,,,,
1,0.00049962,0.00457988,0,0,,,,
