xlo,xhi,ylo,yhi,zlo,zhi,npebbles,nspheres
-0.0035000916,0.0035001316,-0.0035002215999999997,0.0035001916,-3.027999999999999e-07,0.0034981316,100,500
