xlo,xhi,ylo,yhi,zlo,zhi,npebbles,nspheres
-0.0032714315999999998,0.0035002116,-0.0035000516,0.0035000516,-3.2703000000000015e-06,0.0016941215999999998,20,500
