xlo,xhi,ylo,yhi,zlo,zhi,npebbles,nspheres
-0.00553505,0.00562962,-0.00525804,0.0055762,0.0035143099999999992,0.0280735,50,500
