xlo,xhi,ylo,yhi,zlo,zhi,npebbles,nspheres
-0.00615023,0.006150299999999999,-0.006150269999999999,0.00615022,-5.0414000000000016e-05,0.00486489,500,500
